id,style,subject,mode,seed,status,style_0_5,content_0_5,leakage_0_5,quality_0_5,hair_eye_error,outfit_error,scene_error,count_panel_error,evidence,reviewer
waterink-style__harbor__A_content_only__42,waterink-style,harbor,A_content_only,42,not_generated,,,,,,,,,,
waterink-style__harbor__A_content_only__1234,waterink-style,harbor,A_content_only,1234,not_generated,,,,,,,,,,
waterink-style__harbor__A_content_only__20260927,waterink-style,harbor,A_content_only,20260927,not_generated,,,,,,,,,,
waterink-style__harbor__B_text_short__42,waterink-style,harbor,B_text_short,42,not_generated,,,,,,,,,,
waterink-style__harbor__B_text_short__1234,waterink-style,harbor,B_text_short,1234,not_generated,,,,,,,,,,
waterink-style__harbor__B_text_short__20260927,waterink-style,harbor,B_text_short,20260927,not_generated,,,,,,,,,,
waterink-style__harbor__C_ref_only__42,waterink-style,harbor,C_ref_only,42,not_generated,,,,,,,,,,
waterink-style__harbor__C_ref_only__1234,waterink-style,harbor,C_ref_only,1234,not_generated,,,,,,,,,,
waterink-style__harbor__C_ref_only__20260927,waterink-style,harbor,C_ref_only,20260927,not_generated,,,,,,,,,,
waterink-style__harbor__D_ref_long__42,waterink-style,harbor,D_ref_long,42,not_generated,,,,,,,,,,
waterink-style__harbor__D_ref_long__1234,waterink-style,harbor,D_ref_long,1234,not_generated,,,,,,,,,,
waterink-style__harbor__D_ref_long__20260927,waterink-style,harbor,D_ref_long,20260927,not_generated,,,,,,,,,,
waterink-style__harbor__E_ref_short__42,waterink-style,harbor,E_ref_short,42,not_generated,,,,,,,,,,
waterink-style__harbor__E_ref_short__1234,waterink-style,harbor,E_ref_short,1234,not_generated,,,,,,,,,,
waterink-style__harbor__E_ref_short__20260927,waterink-style,harbor,E_ref_short,20260927,not_generated,,,,,,,,,,
waterink-style__harbor__F_ref_priority__42,waterink-style,harbor,F_ref_priority,42,not_generated,,,,,,,,,,
waterink-style__harbor__F_ref_priority__1234,waterink-style,harbor,F_ref_priority,1234,not_generated,,,,,,,,,,
waterink-style__harbor__F_ref_priority__20260927,waterink-style,harbor,F_ref_priority,20260927,not_generated,,,,,,,,,,
waterink-style__cafe__A_content_only__42,waterink-style,cafe,A_content_only,42,not_generated,,,,,,,,,,
waterink-style__cafe__A_content_only__1234,waterink-style,cafe,A_content_only,1234,not_generated,,,,,,,,,,
waterink-style__cafe__A_content_only__20260927,waterink-style,cafe,A_content_only,20260927,not_generated,,,,,,,,,,
waterink-style__cafe__B_text_short__42,waterink-style,cafe,B_text_short,42,not_generated,,,,,,,,,,
waterink-style__cafe__B_text_short__1234,waterink-style,cafe,B_text_short,1234,not_generated,,,,,,,,,,
waterink-style__cafe__B_text_short__20260927,waterink-style,cafe,B_text_short,20260927,not_generated,,,,,,,,,,
waterink-style__cafe__C_ref_only__42,waterink-style,cafe,C_ref_only,42,not_generated,,,,,,,,,,
waterink-style__cafe__C_ref_only__1234,waterink-style,cafe,C_ref_only,1234,not_generated,,,,,,,,,,
waterink-style__cafe__C_ref_only__20260927,waterink-style,cafe,C_ref_only,20260927,not_generated,,,,,,,,,,
waterink-style__cafe__D_ref_long__42,waterink-style,cafe,D_ref_long,42,not_generated,,,,,,,,,,
waterink-style__cafe__D_ref_long__1234,waterink-style,cafe,D_ref_long,1234,not_generated,,,,,,,,,,
waterink-style__cafe__D_ref_long__20260927,waterink-style,cafe,D_ref_long,20260927,not_generated,,,,,,,,,,
waterink-style__cafe__E_ref_short__42,waterink-style,cafe,E_ref_short,42,not_generated,,,,,,,,,,
waterink-style__cafe__E_ref_short__1234,waterink-style,cafe,E_ref_short,1234,not_generated,,,,,,,,,,
waterink-style__cafe__E_ref_short__20260927,waterink-style,cafe,E_ref_short,20260927,not_generated,,,,,,,,,,
waterink-style__cafe__F_ref_priority__42,waterink-style,cafe,F_ref_priority,42,not_generated,,,,,,,,,,
waterink-style__cafe__F_ref_priority__1234,waterink-style,cafe,F_ref_priority,1234,not_generated,,,,,,,,,,
waterink-style__cafe__F_ref_priority__20260927,waterink-style,cafe,F_ref_priority,20260927,not_generated,,,,,,,,,,
waterink-style__still_life__A_content_only__42,waterink-style,still_life,A_content_only,42,not_generated,,,,,,,,,,
waterink-style__still_life__A_content_only__1234,waterink-style,still_life,A_content_only,1234,not_generated,,,,,,,,,,
waterink-style__still_life__A_content_only__20260927,waterink-style,still_life,A_content_only,20260927,not_generated,,,,,,,,,,
waterink-style__still_life__B_text_short__42,waterink-style,still_life,B_text_short,42,not_generated,,,,,,,,,,
waterink-style__still_life__B_text_short__1234,waterink-style,still_life,B_text_short,1234,not_generated,,,,,,,,,,
waterink-style__still_life__B_text_short__20260927,waterink-style,still_life,B_text_short,20260927,not_generated,,,,,,,,,,
waterink-style__still_life__C_ref_only__42,waterink-style,still_life,C_ref_only,42,not_generated,,,,,,,,,,
waterink-style__still_life__C_ref_only__1234,waterink-style,still_life,C_ref_only,1234,not_generated,,,,,,,,,,
waterink-style__still_life__C_ref_only__20260927,waterink-style,still_life,C_ref_only,20260927,not_generated,,,,,,,,,,
waterink-style__still_life__D_ref_long__42,waterink-style,still_life,D_ref_long,42,not_generated,,,,,,,,,,
waterink-style__still_life__D_ref_long__1234,waterink-style,still_life,D_ref_long,1234,not_generated,,,,,,,,,,
waterink-style__still_life__D_ref_long__20260927,waterink-style,still_life,D_ref_long,20260927,not_generated,,,,,,,,,,
waterink-style__still_life__E_ref_short__42,waterink-style,still_life,E_ref_short,42,not_generated,,,,,,,,,,
waterink-style__still_life__E_ref_short__1234,waterink-style,still_life,E_ref_short,1234,not_generated,,,,,,,,,,
waterink-style__still_life__E_ref_short__20260927,waterink-style,still_life,E_ref_short,20260927,not_generated,,,,,,,,,,
waterink-style__still_life__F_ref_priority__42,waterink-style,still_life,F_ref_priority,42,not_generated,,,,,,,,,,
waterink-style__still_life__F_ref_priority__1234,waterink-style,still_life,F_ref_priority,1234,not_generated,,,,,,,,,,
waterink-style__still_life__F_ref_priority__20260927,waterink-style,still_life,F_ref_priority,20260927,not_generated,,,,,,,,,,
waterink-style__dual__G_dual_content_only__42,waterink-style,dual,G_dual_content_only,42,not_generated,,,,,,,,,,
waterink-style__dual__G_dual_content_only__1234,waterink-style,dual,G_dual_content_only,1234,not_generated,,,,,,,,,,
waterink-style__dual__G_dual_content_only__20260927,waterink-style,dual,G_dual_content_only,20260927,not_generated,,,,,,,,,,
waterink-style__dual__H_dual_style_priority__42,waterink-style,dual,H_dual_style_priority,42,not_generated,,,,,,,,,,
waterink-style__dual__H_dual_style_priority__1234,waterink-style,dual,H_dual_style_priority,1234,not_generated,,,,,,,,,,
waterink-style__dual__H_dual_style_priority__20260927,waterink-style,dual,H_dual_style_priority,20260927,not_generated,,,,,,,,,,
sakurapion-style__harbor__A_content_only__42,sakurapion-style,harbor,A_content_only,42,not_generated,,,,,,,,,,
sakurapion-style__harbor__A_content_only__1234,sakurapion-style,harbor,A_content_only,1234,not_generated,,,,,,,,,,
sakurapion-style__harbor__A_content_only__20260927,sakurapion-style,harbor,A_content_only,20260927,not_generated,,,,,,,,,,
sakurapion-style__harbor__B_text_short__42,sakurapion-style,harbor,B_text_short,42,not_generated,,,,,,,,,,
sakurapion-style__harbor__B_text_short__1234,sakurapion-style,harbor,B_text_short,1234,not_generated,,,,,,,,,,
sakurapion-style__harbor__B_text_short__20260927,sakurapion-style,harbor,B_text_short,20260927,not_generated,,,,,,,,,,
sakurapion-style__harbor__C_ref_only__42,sakurapion-style,harbor,C_ref_only,42,not_generated,,,,,,,,,,
sakurapion-style__harbor__C_ref_only__1234,sakurapion-style,harbor,C_ref_only,1234,not_generated,,,,,,,,,,
sakurapion-style__harbor__C_ref_only__20260927,sakurapion-style,harbor,C_ref_only,20260927,not_generated,,,,,,,,,,
sakurapion-style__harbor__D_ref_long__42,sakurapion-style,harbor,D_ref_long,42,not_generated,,,,,,,,,,
sakurapion-style__harbor__D_ref_long__1234,sakurapion-style,harbor,D_ref_long,1234,not_generated,,,,,,,,,,
sakurapion-style__harbor__D_ref_long__20260927,sakurapion-style,harbor,D_ref_long,20260927,not_generated,,,,,,,,,,
sakurapion-style__harbor__E_ref_short__42,sakurapion-style,harbor,E_ref_short,42,not_generated,,,,,,,,,,
sakurapion-style__harbor__E_ref_short__1234,sakurapion-style,harbor,E_ref_short,1234,not_generated,,,,,,,,,,
sakurapion-style__harbor__E_ref_short__20260927,sakurapion-style,harbor,E_ref_short,20260927,not_generated,,,,,,,,,,
sakurapion-style__harbor__F_ref_priority__42,sakurapion-style,harbor,F_ref_priority,42,not_generated,,,,,,,,,,
sakurapion-style__harbor__F_ref_priority__1234,sakurapion-style,harbor,F_ref_priority,1234,not_generated,,,,,,,,,,
sakurapion-style__harbor__F_ref_priority__20260927,sakurapion-style,harbor,F_ref_priority,20260927,not_generated,,,,,,,,,,
sakurapion-style__cafe__A_content_only__42,sakurapion-style,cafe,A_content_only,42,not_generated,,,,,,,,,,
sakurapion-style__cafe__A_content_only__1234,sakurapion-style,cafe,A_content_only,1234,not_generated,,,,,,,,,,
sakurapion-style__cafe__A_content_only__20260927,sakurapion-style,cafe,A_content_only,20260927,not_generated,,,,,,,,,,
sakurapion-style__cafe__B_text_short__42,sakurapion-style,cafe,B_text_short,42,not_generated,,,,,,,,,,
sakurapion-style__cafe__B_text_short__1234,sakurapion-style,cafe,B_text_short,1234,not_generated,,,,,,,,,,
sakurapion-style__cafe__B_text_short__20260927,sakurapion-style,cafe,B_text_short,20260927,not_generated,,,,,,,,,,
sakurapion-style__cafe__C_ref_only__42,sakurapion-style,cafe,C_ref_only,42,not_generated,,,,,,,,,,
sakurapion-style__cafe__C_ref_only__1234,sakurapion-style,cafe,C_ref_only,1234,not_generated,,,,,,,,,,
sakurapion-style__cafe__C_ref_only__20260927,sakurapion-style,cafe,C_ref_only,20260927,not_generated,,,,,,,,,,
sakurapion-style__cafe__D_ref_long__42,sakurapion-style,cafe,D_ref_long,42,not_generated,,,,,,,,,,
sakurapion-style__cafe__D_ref_long__1234,sakurapion-style,cafe,D_ref_long,1234,not_generated,,,,,,,,,,
sakurapion-style__cafe__D_ref_long__20260927,sakurapion-style,cafe,D_ref_long,20260927,not_generated,,,,,,,,,,
sakurapion-style__cafe__E_ref_short__42,sakurapion-style,cafe,E_ref_short,42,not_generated,,,,,,,,,,
sakurapion-style__cafe__E_ref_short__1234,sakurapion-style,cafe,E_ref_short,1234,not_generated,,,,,,,,,,
sakurapion-style__cafe__E_ref_short__20260927,sakurapion-style,cafe,E_ref_short,20260927,not_generated,,,,,,,,,,
sakurapion-style__cafe__F_ref_priority__42,sakurapion-style,cafe,F_ref_priority,42,not_generated,,,,,,,,,,
sakurapion-style__cafe__F_ref_priority__1234,sakurapion-style,cafe,F_ref_priority,1234,not_generated,,,,,,,,,,
sakurapion-style__cafe__F_ref_priority__20260927,sakurapion-style,cafe,F_ref_priority,20260927,not_generated,,,,,,,,,,
sakurapion-style__still_life__A_content_only__42,sakurapion-style,still_life,A_content_only,42,not_generated,,,,,,,,,,
sakurapion-style__still_life__A_content_only__1234,sakurapion-style,still_life,A_content_only,1234,not_generated,,,,,,,,,,
sakurapion-style__still_life__A_content_only__20260927,sakurapion-style,still_life,A_content_only,20260927,not_generated,,,,,,,,,,
sakurapion-style__still_life__B_text_short__42,sakurapion-style,still_life,B_text_short,42,not_generated,,,,,,,,,,
sakurapion-style__still_life__B_text_short__1234,sakurapion-style,still_life,B_text_short,1234,not_generated,,,,,,,,,,
sakurapion-style__still_life__B_text_short__20260927,sakurapion-style,still_life,B_text_short,20260927,not_generated,,,,,,,,,,
sakurapion-style__still_life__C_ref_only__42,sakurapion-style,still_life,C_ref_only,42,not_generated,,,,,,,,,,
sakurapion-style__still_life__C_ref_only__1234,sakurapion-style,still_life,C_ref_only,1234,not_generated,,,,,,,,,,
sakurapion-style__still_life__C_ref_only__20260927,sakurapion-style,still_life,C_ref_only,20260927,not_generated,,,,,,,,,,
sakurapion-style__still_life__D_ref_long__42,sakurapion-style,still_life,D_ref_long,42,not_generated,,,,,,,,,,
sakurapion-style__still_life__D_ref_long__1234,sakurapion-style,still_life,D_ref_long,1234,not_generated,,,,,,,,,,
sakurapion-style__still_life__D_ref_long__20260927,sakurapion-style,still_life,D_ref_long,20260927,not_generated,,,,,,,,,,
sakurapion-style__still_life__E_ref_short__42,sakurapion-style,still_life,E_ref_short,42,not_generated,,,,,,,,,,
sakurapion-style__still_life__E_ref_short__1234,sakurapion-style,still_life,E_ref_short,1234,not_generated,,,,,,,,,,
sakurapion-style__still_life__E_ref_short__20260927,sakurapion-style,still_life,E_ref_short,20260927,not_generated,,,,,,,,,,
sakurapion-style__still_life__F_ref_priority__42,sakurapion-style,still_life,F_ref_priority,42,not_generated,,,,,,,,,,
sakurapion-style__still_life__F_ref_priority__1234,sakurapion-style,still_life,F_ref_priority,1234,not_generated,,,,,,,,,,
sakurapion-style__still_life__F_ref_priority__20260927,sakurapion-style,still_life,F_ref_priority,20260927,not_generated,,,,,,,,,,
sakurapion-style__dual__G_dual_content_only__42,sakurapion-style,dual,G_dual_content_only,42,not_generated,,,,,,,,,,
sakurapion-style__dual__G_dual_content_only__1234,sakurapion-style,dual,G_dual_content_only,1234,not_generated,,,,,,,,,,
sakurapion-style__dual__G_dual_content_only__20260927,sakurapion-style,dual,G_dual_content_only,20260927,not_generated,,,,,,,,,,
sakurapion-style__dual__H_dual_style_priority__42,sakurapion-style,dual,H_dual_style_priority,42,not_generated,,,,,,,,,,
sakurapion-style__dual__H_dual_style_priority__1234,sakurapion-style,dual,H_dual_style_priority,1234,not_generated,,,,,,,,,,
sakurapion-style__dual__H_dual_style_priority__20260927,sakurapion-style,dual,H_dual_style_priority,20260927,not_generated,,,,,,,,,,
fuzichoco-v2__harbor__A_content_only__42,fuzichoco-v2,harbor,A_content_only,42,not_generated,,,,,,,,,,
fuzichoco-v2__harbor__A_content_only__1234,fuzichoco-v2,harbor,A_content_only,1234,not_generated,,,,,,,,,,
fuzichoco-v2__harbor__A_content_only__20260927,fuzichoco-v2,harbor,A_content_only,20260927,not_generated,,,,,,,,,,
fuzichoco-v2__harbor__B_text_short__42,fuzichoco-v2,harbor,B_text_short,42,not_generated,,,,,,,,,,
fuzichoco-v2__harbor__B_text_short__1234,fuzichoco-v2,harbor,B_text_short,1234,not_generated,,,,,,,,,,
fuzichoco-v2__harbor__B_text_short__20260927,fuzichoco-v2,harbor,B_text_short,20260927,not_generated,,,,,,,,,,
fuzichoco-v2__harbor__C_ref_only__42,fuzichoco-v2,harbor,C_ref_only,42,not_generated,,,,,,,,,,
fuzichoco-v2__harbor__C_ref_only__1234,fuzichoco-v2,harbor,C_ref_only,1234,not_generated,,,,,,,,,,
fuzichoco-v2__harbor__C_ref_only__20260927,fuzichoco-v2,harbor,C_ref_only,20260927,not_generated,,,,,,,,,,
fuzichoco-v2__harbor__D_ref_long__42,fuzichoco-v2,harbor,D_ref_long,42,not_generated,,,,,,,,,,
fuzichoco-v2__harbor__D_ref_long__1234,fuzichoco-v2,harbor,D_ref_long,1234,not_generated,,,,,,,,,,
fuzichoco-v2__harbor__D_ref_long__20260927,fuzichoco-v2,harbor,D_ref_long,20260927,not_generated,,,,,,,,,,
fuzichoco-v2__harbor__E_ref_short__42,fuzichoco-v2,harbor,E_ref_short,42,not_generated,,,,,,,,,,
fuzichoco-v2__harbor__E_ref_short__1234,fuzichoco-v2,harbor,E_ref_short,1234,not_generated,,,,,,,,,,
fuzichoco-v2__harbor__E_ref_short__20260927,fuzichoco-v2,harbor,E_ref_short,20260927,not_generated,,,,,,,,,,
fuzichoco-v2__harbor__F_ref_priority__42,fuzichoco-v2,harbor,F_ref_priority,42,not_generated,,,,,,,,,,
fuzichoco-v2__harbor__F_ref_priority__1234,fuzichoco-v2,harbor,F_ref_priority,1234,not_generated,,,,,,,,,,
fuzichoco-v2__harbor__F_ref_priority__20260927,fuzichoco-v2,harbor,F_ref_priority,20260927,not_generated,,,,,,,,,,
fuzichoco-v2__cafe__A_content_only__42,fuzichoco-v2,cafe,A_content_only,42,not_generated,,,,,,,,,,
fuzichoco-v2__cafe__A_content_only__1234,fuzichoco-v2,cafe,A_content_only,1234,not_generated,,,,,,,,,,
fuzichoco-v2__cafe__A_content_only__20260927,fuzichoco-v2,cafe,A_content_only,20260927,not_generated,,,,,,,,,,
fuzichoco-v2__cafe__B_text_short__42,fuzichoco-v2,cafe,B_text_short,42,not_generated,,,,,,,,,,
fuzichoco-v2__cafe__B_text_short__1234,fuzichoco-v2,cafe,B_text_short,1234,not_generated,,,,,,,,,,
fuzichoco-v2__cafe__B_text_short__20260927,fuzichoco-v2,cafe,B_text_short,20260927,not_generated,,,,,,,,,,
fuzichoco-v2__cafe__C_ref_only__42,fuzichoco-v2,cafe,C_ref_only,42,not_generated,,,,,,,,,,
fuzichoco-v2__cafe__C_ref_only__1234,fuzichoco-v2,cafe,C_ref_only,1234,not_generated,,,,,,,,,,
fuzichoco-v2__cafe__C_ref_only__20260927,fuzichoco-v2,cafe,C_ref_only,20260927,not_generated,,,,,,,,,,
fuzichoco-v2__cafe__D_ref_long__42,fuzichoco-v2,cafe,D_ref_long,42,not_generated,,,,,,,,,,
fuzichoco-v2__cafe__D_ref_long__1234,fuzichoco-v2,cafe,D_ref_long,1234,not_generated,,,,,,,,,,
fuzichoco-v2__cafe__D_ref_long__20260927,fuzichoco-v2,cafe,D_ref_long,20260927,not_generated,,,,,,,,,,
fuzichoco-v2__cafe__E_ref_short__42,fuzichoco-v2,cafe,E_ref_short,42,not_generated,,,,,,,,,,
fuzichoco-v2__cafe__E_ref_short__1234,fuzichoco-v2,cafe,E_ref_short,1234,not_generated,,,,,,,,,,
fuzichoco-v2__cafe__E_ref_short__20260927,fuzichoco-v2,cafe,E_ref_short,20260927,not_generated,,,,,,,,,,
fuzichoco-v2__cafe__F_ref_priority__42,fuzichoco-v2,cafe,F_ref_priority,42,not_generated,,,,,,,,,,
fuzichoco-v2__cafe__F_ref_priority__1234,fuzichoco-v2,cafe,F_ref_priority,1234,not_generated,,,,,,,,,,
fuzichoco-v2__cafe__F_ref_priority__20260927,fuzichoco-v2,cafe,F_ref_priority,20260927,not_generated,,,,,,,,,,
fuzichoco-v2__still_life__A_content_only__42,fuzichoco-v2,still_life,A_content_only,42,not_generated,,,,,,,,,,
fuzichoco-v2__still_life__A_content_only__1234,fuzichoco-v2,still_life,A_content_only,1234,not_generated,,,,,,,,,,
fuzichoco-v2__still_life__A_content_only__20260927,fuzichoco-v2,still_life,A_content_only,20260927,not_generated,,,,,,,,,,
fuzichoco-v2__still_life__B_text_short__42,fuzichoco-v2,still_life,B_text_short,42,not_generated,,,,,,,,,,
fuzichoco-v2__still_life__B_text_short__1234,fuzichoco-v2,still_life,B_text_short,1234,not_generated,,,,,,,,,,
fuzichoco-v2__still_life__B_text_short__20260927,fuzichoco-v2,still_life,B_text_short,20260927,not_generated,,,,,,,,,,
fuzichoco-v2__still_life__C_ref_only__42,fuzichoco-v2,still_life,C_ref_only,42,not_generated,,,,,,,,,,
fuzichoco-v2__still_life__C_ref_only__1234,fuzichoco-v2,still_life,C_ref_only,1234,not_generated,,,,,,,,,,
fuzichoco-v2__still_life__C_ref_only__20260927,fuzichoco-v2,still_life,C_ref_only,20260927,not_generated,,,,,,,,,,
fuzichoco-v2__still_life__D_ref_long__42,fuzichoco-v2,still_life,D_ref_long,42,not_generated,,,,,,,,,,
fuzichoco-v2__still_life__D_ref_long__1234,fuzichoco-v2,still_life,D_ref_long,1234,not_generated,,,,,,,,,,
fuzichoco-v2__still_life__D_ref_long__20260927,fuzichoco-v2,still_life,D_ref_long,20260927,not_generated,,,,,,,,,,
fuzichoco-v2__still_life__E_ref_short__42,fuzichoco-v2,still_life,E_ref_short,42,not_generated,,,,,,,,,,
fuzichoco-v2__still_life__E_ref_short__1234,fuzichoco-v2,still_life,E_ref_short,1234,not_generated,,,,,,,,,,
fuzichoco-v2__still_life__E_ref_short__20260927,fuzichoco-v2,still_life,E_ref_short,20260927,not_generated,,,,,,,,,,
fuzichoco-v2__still_life__F_ref_priority__42,fuzichoco-v2,still_life,F_ref_priority,42,not_generated,,,,,,,,,,
fuzichoco-v2__still_life__F_ref_priority__1234,fuzichoco-v2,still_life,F_ref_priority,1234,not_generated,,,,,,,,,,
fuzichoco-v2__still_life__F_ref_priority__20260927,fuzichoco-v2,still_life,F_ref_priority,20260927,not_generated,,,,,,,,,,
fuzichoco-v2__dual__G_dual_content_only__42,fuzichoco-v2,dual,G_dual_content_only,42,not_generated,,,,,,,,,,
fuzichoco-v2__dual__G_dual_content_only__1234,fuzichoco-v2,dual,G_dual_content_only,1234,not_generated,,,,,,,,,,
fuzichoco-v2__dual__G_dual_content_only__20260927,fuzichoco-v2,dual,G_dual_content_only,20260927,not_generated,,,,,,,,,,
fuzichoco-v2__dual__H_dual_style_priority__42,fuzichoco-v2,dual,H_dual_style_priority,42,not_generated,,,,,,,,,,
fuzichoco-v2__dual__H_dual_style_priority__1234,fuzichoco-v2,dual,H_dual_style_priority,1234,not_generated,,,,,,,,,,
fuzichoco-v2__dual__H_dual_style_priority__20260927,fuzichoco-v2,dual,H_dual_style_priority,20260927,not_generated,,,,,,,,,,
tinkle-style__harbor__A_content_only__42,tinkle-style,harbor,A_content_only,42,not_generated,,,,,,,,,,
tinkle-style__harbor__A_content_only__1234,tinkle-style,harbor,A_content_only,1234,not_generated,,,,,,,,,,
tinkle-style__harbor__A_content_only__20260927,tinkle-style,harbor,A_content_only,20260927,not_generated,,,,,,,,,,
tinkle-style__harbor__B_text_short__42,tinkle-style,harbor,B_text_short,42,not_generated,,,,,,,,,,
tinkle-style__harbor__B_text_short__1234,tinkle-style,harbor,B_text_short,1234,not_generated,,,,,,,,,,
tinkle-style__harbor__B_text_short__20260927,tinkle-style,harbor,B_text_short,20260927,not_generated,,,,,,,,,,
tinkle-style__harbor__C_ref_only__42,tinkle-style,harbor,C_ref_only,42,not_generated,,,,,,,,,,
tinkle-style__harbor__C_ref_only__1234,tinkle-style,harbor,C_ref_only,1234,not_generated,,,,,,,,,,
tinkle-style__harbor__C_ref_only__20260927,tinkle-style,harbor,C_ref_only,20260927,not_generated,,,,,,,,,,
tinkle-style__harbor__D_ref_long__42,tinkle-style,harbor,D_ref_long,42,not_generated,,,,,,,,,,
tinkle-style__harbor__D_ref_long__1234,tinkle-style,harbor,D_ref_long,1234,not_generated,,,,,,,,,,
tinkle-style__harbor__D_ref_long__20260927,tinkle-style,harbor,D_ref_long,20260927,not_generated,,,,,,,,,,
tinkle-style__harbor__E_ref_short__42,tinkle-style,harbor,E_ref_short,42,not_generated,,,,,,,,,,
tinkle-style__harbor__E_ref_short__1234,tinkle-style,harbor,E_ref_short,1234,not_generated,,,,,,,,,,
tinkle-style__harbor__E_ref_short__20260927,tinkle-style,harbor,E_ref_short,20260927,not_generated,,,,,,,,,,
tinkle-style__harbor__F_ref_priority__42,tinkle-style,harbor,F_ref_priority,42,not_generated,,,,,,,,,,
tinkle-style__harbor__F_ref_priority__1234,tinkle-style,harbor,F_ref_priority,1234,not_generated,,,,,,,,,,
tinkle-style__harbor__F_ref_priority__20260927,tinkle-style,harbor,F_ref_priority,20260927,not_generated,,,,,,,,,,
tinkle-style__cafe__A_content_only__42,tinkle-style,cafe,A_content_only,42,not_generated,,,,,,,,,,
tinkle-style__cafe__A_content_only__1234,tinkle-style,cafe,A_content_only,1234,not_generated,,,,,,,,,,
tinkle-style__cafe__A_content_only__20260927,tinkle-style,cafe,A_content_only,20260927,not_generated,,,,,,,,,,
tinkle-style__cafe__B_text_short__42,tinkle-style,cafe,B_text_short,42,not_generated,,,,,,,,,,
tinkle-style__cafe__B_text_short__1234,tinkle-style,cafe,B_text_short,1234,not_generated,,,,,,,,,,
tinkle-style__cafe__B_text_short__20260927,tinkle-style,cafe,B_text_short,20260927,not_generated,,,,,,,,,,
tinkle-style__cafe__C_ref_only__42,tinkle-style,cafe,C_ref_only,42,not_generated,,,,,,,,,,
tinkle-style__cafe__C_ref_only__1234,tinkle-style,cafe,C_ref_only,1234,not_generated,,,,,,,,,,
tinkle-style__cafe__C_ref_only__20260927,tinkle-style,cafe,C_ref_only,20260927,not_generated,,,,,,,,,,
tinkle-style__cafe__D_ref_long__42,tinkle-style,cafe,D_ref_long,42,not_generated,,,,,,,,,,
tinkle-style__cafe__D_ref_long__1234,tinkle-style,cafe,D_ref_long,1234,not_generated,,,,,,,,,,
tinkle-style__cafe__D_ref_long__20260927,tinkle-style,cafe,D_ref_long,20260927,not_generated,,,,,,,,,,
tinkle-style__cafe__E_ref_short__42,tinkle-style,cafe,E_ref_short,42,not_generated,,,,,,,,,,
tinkle-style__cafe__E_ref_short__1234,tinkle-style,cafe,E_ref_short,1234,not_generated,,,,,,,,,,
tinkle-style__cafe__E_ref_short__20260927,tinkle-style,cafe,E_ref_short,20260927,not_generated,,,,,,,,,,
tinkle-style__cafe__F_ref_priority__42,tinkle-style,cafe,F_ref_priority,42,not_generated,,,,,,,,,,
tinkle-style__cafe__F_ref_priority__1234,tinkle-style,cafe,F_ref_priority,1234,not_generated,,,,,,,,,,
tinkle-style__cafe__F_ref_priority__20260927,tinkle-style,cafe,F_ref_priority,20260927,not_generated,,,,,,,,,,
tinkle-style__still_life__A_content_only__42,tinkle-style,still_life,A_content_only,42,not_generated,,,,,,,,,,
tinkle-style__still_life__A_content_only__1234,tinkle-style,still_life,A_content_only,1234,not_generated,,,,,,,,,,
tinkle-style__still_life__A_content_only__20260927,tinkle-style,still_life,A_content_only,20260927,not_generated,,,,,,,,,,
tinkle-style__still_life__B_text_short__42,tinkle-style,still_life,B_text_short,42,not_generated,,,,,,,,,,
tinkle-style__still_life__B_text_short__1234,tinkle-style,still_life,B_text_short,1234,not_generated,,,,,,,,,,
tinkle-style__still_life__B_text_short__20260927,tinkle-style,still_life,B_text_short,20260927,not_generated,,,,,,,,,,
tinkle-style__still_life__C_ref_only__42,tinkle-style,still_life,C_ref_only,42,not_generated,,,,,,,,,,
tinkle-style__still_life__C_ref_only__1234,tinkle-style,still_life,C_ref_only,1234,not_generated,,,,,,,,,,
tinkle-style__still_life__C_ref_only__20260927,tinkle-style,still_life,C_ref_only,20260927,not_generated,,,,,,,,,,
tinkle-style__still_life__D_ref_long__42,tinkle-style,still_life,D_ref_long,42,not_generated,,,,,,,,,,
tinkle-style__still_life__D_ref_long__1234,tinkle-style,still_life,D_ref_long,1234,not_generated,,,,,,,,,,
tinkle-style__still_life__D_ref_long__20260927,tinkle-style,still_life,D_ref_long,20260927,not_generated,,,,,,,,,,
tinkle-style__still_life__E_ref_short__42,tinkle-style,still_life,E_ref_short,42,not_generated,,,,,,,,,,
tinkle-style__still_life__E_ref_short__1234,tinkle-style,still_life,E_ref_short,1234,not_generated,,,,,,,,,,
tinkle-style__still_life__E_ref_short__20260927,tinkle-style,still_life,E_ref_short,20260927,not_generated,,,,,,,,,,
tinkle-style__still_life__F_ref_priority__42,tinkle-style,still_life,F_ref_priority,42,not_generated,,,,,,,,,,
tinkle-style__still_life__F_ref_priority__1234,tinkle-style,still_life,F_ref_priority,1234,not_generated,,,,,,,,,,
tinkle-style__still_life__F_ref_priority__20260927,tinkle-style,still_life,F_ref_priority,20260927,not_generated,,,,,,,,,,
tinkle-style__dual__G_dual_content_only__42,tinkle-style,dual,G_dual_content_only,42,not_generated,,,,,,,,,,
tinkle-style__dual__G_dual_content_only__1234,tinkle-style,dual,G_dual_content_only,1234,not_generated,,,,,,,,,,
tinkle-style__dual__G_dual_content_only__20260927,tinkle-style,dual,G_dual_content_only,20260927,not_generated,,,,,,,,,,
tinkle-style__dual__H_dual_style_priority__42,tinkle-style,dual,H_dual_style_priority,42,not_generated,,,,,,,,,,
tinkle-style__dual__H_dual_style_priority__1234,tinkle-style,dual,H_dual_style_priority,1234,not_generated,,,,,,,,,,
tinkle-style__dual__H_dual_style_priority__20260927,tinkle-style,dual,H_dual_style_priority,20260927,not_generated,,,,,,,,,,
renian__harbor__A_content_only__42,renian,harbor,A_content_only,42,not_generated,,,,,,,,,,
renian__harbor__A_content_only__1234,renian,harbor,A_content_only,1234,not_generated,,,,,,,,,,
renian__harbor__A_content_only__20260927,renian,harbor,A_content_only,20260927,not_generated,,,,,,,,,,
renian__harbor__B_text_short__42,renian,harbor,B_text_short,42,not_generated,,,,,,,,,,
renian__harbor__B_text_short__1234,renian,harbor,B_text_short,1234,not_generated,,,,,,,,,,
renian__harbor__B_text_short__20260927,renian,harbor,B_text_short,20260927,not_generated,,,,,,,,,,
renian__harbor__C_ref_only__42,renian,harbor,C_ref_only,42,not_generated,,,,,,,,,,
renian__harbor__C_ref_only__1234,renian,harbor,C_ref_only,1234,not_generated,,,,,,,,,,
renian__harbor__C_ref_only__20260927,renian,harbor,C_ref_only,20260927,not_generated,,,,,,,,,,
renian__harbor__D_ref_long__42,renian,harbor,D_ref_long,42,not_generated,,,,,,,,,,
renian__harbor__D_ref_long__1234,renian,harbor,D_ref_long,1234,not_generated,,,,,,,,,,
renian__harbor__D_ref_long__20260927,renian,harbor,D_ref_long,20260927,not_generated,,,,,,,,,,
renian__harbor__E_ref_short__42,renian,harbor,E_ref_short,42,not_generated,,,,,,,,,,
renian__harbor__E_ref_short__1234,renian,harbor,E_ref_short,1234,not_generated,,,,,,,,,,
renian__harbor__E_ref_short__20260927,renian,harbor,E_ref_short,20260927,not_generated,,,,,,,,,,
renian__harbor__F_ref_priority__42,renian,harbor,F_ref_priority,42,not_generated,,,,,,,,,,
renian__harbor__F_ref_priority__1234,renian,harbor,F_ref_priority,1234,not_generated,,,,,,,,,,
renian__harbor__F_ref_priority__20260927,renian,harbor,F_ref_priority,20260927,not_generated,,,,,,,,,,
renian__cafe__A_content_only__42,renian,cafe,A_content_only,42,not_generated,,,,,,,,,,
renian__cafe__A_content_only__1234,renian,cafe,A_content_only,1234,not_generated,,,,,,,,,,
renian__cafe__A_content_only__20260927,renian,cafe,A_content_only,20260927,not_generated,,,,,,,,,,
renian__cafe__B_text_short__42,renian,cafe,B_text_short,42,not_generated,,,,,,,,,,
renian__cafe__B_text_short__1234,renian,cafe,B_text_short,1234,not_generated,,,,,,,,,,
renian__cafe__B_text_short__20260927,renian,cafe,B_text_short,20260927,not_generated,,,,,,,,,,
renian__cafe__C_ref_only__42,renian,cafe,C_ref_only,42,not_generated,,,,,,,,,,
renian__cafe__C_ref_only__1234,renian,cafe,C_ref_only,1234,not_generated,,,,,,,,,,
renian__cafe__C_ref_only__20260927,renian,cafe,C_ref_only,20260927,not_generated,,,,,,,,,,
renian__cafe__D_ref_long__42,renian,cafe,D_ref_long,42,not_generated,,,,,,,,,,
renian__cafe__D_ref_long__1234,renian,cafe,D_ref_long,1234,not_generated,,,,,,,,,,
renian__cafe__D_ref_long__20260927,renian,cafe,D_ref_long,20260927,not_generated,,,,,,,,,,
renian__cafe__E_ref_short__42,renian,cafe,E_ref_short,42,not_generated,,,,,,,,,,
renian__cafe__E_ref_short__1234,renian,cafe,E_ref_short,1234,not_generated,,,,,,,,,,
renian__cafe__E_ref_short__20260927,renian,cafe,E_ref_short,20260927,not_generated,,,,,,,,,,
renian__cafe__F_ref_priority__42,renian,cafe,F_ref_priority,42,not_generated,,,,,,,,,,
renian__cafe__F_ref_priority__1234,renian,cafe,F_ref_priority,1234,not_generated,,,,,,,,,,
renian__cafe__F_ref_priority__20260927,renian,cafe,F_ref_priority,20260927,not_generated,,,,,,,,,,
renian__still_life__A_content_only__42,renian,still_life,A_content_only,42,not_generated,,,,,,,,,,
renian__still_life__A_content_only__1234,renian,still_life,A_content_only,1234,not_generated,,,,,,,,,,
renian__still_life__A_content_only__20260927,renian,still_life,A_content_only,20260927,not_generated,,,,,,,,,,
renian__still_life__B_text_short__42,renian,still_life,B_text_short,42,not_generated,,,,,,,,,,
renian__still_life__B_text_short__1234,renian,still_life,B_text_short,1234,not_generated,,,,,,,,,,
renian__still_life__B_text_short__20260927,renian,still_life,B_text_short,20260927,not_generated,,,,,,,,,,
renian__still_life__C_ref_only__42,renian,still_life,C_ref_only,42,not_generated,,,,,,,,,,
renian__still_life__C_ref_only__1234,renian,still_life,C_ref_only,1234,not_generated,,,,,,,,,,
renian__still_life__C_ref_only__20260927,renian,still_life,C_ref_only,20260927,not_generated,,,,,,,,,,
renian__still_life__D_ref_long__42,renian,still_life,D_ref_long,42,not_generated,,,,,,,,,,
renian__still_life__D_ref_long__1234,renian,still_life,D_ref_long,1234,not_generated,,,,,,,,,,
renian__still_life__D_ref_long__20260927,renian,still_life,D_ref_long,20260927,not_generated,,,,,,,,,,
renian__still_life__E_ref_short__42,renian,still_life,E_ref_short,42,not_generated,,,,,,,,,,
renian__still_life__E_ref_short__1234,renian,still_life,E_ref_short,1234,not_generated,,,,,,,,,,
renian__still_life__E_ref_short__20260927,renian,still_life,E_ref_short,20260927,not_generated,,,,,,,,,,
renian__still_life__F_ref_priority__42,renian,still_life,F_ref_priority,42,not_generated,,,,,,,,,,
renian__still_life__F_ref_priority__1234,renian,still_life,F_ref_priority,1234,not_generated,,,,,,,,,,
renian__still_life__F_ref_priority__20260927,renian,still_life,F_ref_priority,20260927,not_generated,,,,,,,,,,
renian__dual__G_dual_content_only__42,renian,dual,G_dual_content_only,42,not_generated,,,,,,,,,,
renian__dual__G_dual_content_only__1234,renian,dual,G_dual_content_only,1234,not_generated,,,,,,,,,,
renian__dual__G_dual_content_only__20260927,renian,dual,G_dual_content_only,20260927,not_generated,,,,,,,,,,
renian__dual__H_dual_style_priority__42,renian,dual,H_dual_style_priority,42,not_generated,,,,,,,,,,
renian__dual__H_dual_style_priority__1234,renian,dual,H_dual_style_priority,1234,not_generated,,,,,,,,,,
renian__dual__H_dual_style_priority__20260927,renian,dual,H_dual_style_priority,20260927,not_generated,,,,,,,,,,
