id,style,orientation,seed,status,style_0_5,content_0_5,leakage_0_5,quality_0_5,actual_seed,width,height,elapsed_s,image_sha256,evidence,hair_eye_error,outfit_error,scene_error
waterink-style__T__42,waterink-style,T,42,rated,3,3,1,4,42,1024,1024,21.84,853aa2d6905d1fc93573572d113ba57ca59b87ff527dd3885f9a6a188ab2374a,"Ink-wash wash and dry-brush marks around a correctly drawn girl (silver twin-tails, sailor uniform, notebook); the school rooftop is replaced by a misty ink-wash townscape, so the setting drifts.",no,no,rooftop replaced by an ink-wash townscape
waterink-style__T__1234,waterink-style,T,1234,rated,3,4,1,4,1234,1024,1024,21.8,875d13f54b6699bb435df8a7c14d466ff7bc10fbbfc9296face38f22cb983a84,"Watercolour/paper texture with a soft wash sky; girl and uniform intact, rooftop readable only as a wash railing.",no,no,rooftop reduced to a wash railing
waterink-style__T__20260927,waterink-style,T,20260927,rated,4,2,2,4,20260927,1024,1024,21.9,2ac94eddf8a7e6abfbdacbcef0613cec2c027beb81865656fca40c18ee680716,Strongest ink-wash of the T set: grey mountain silhouettes and dry-brush foliage replace the rooftop entirely; the girl is kept but drawn small inside a landscape.,no,no,rooftop replaced by ink-wash mountains
waterink-style__P__42,waterink-style,P,42,rated,4,4,1,4,42,1024,1024,26.0,400bc35ce1611ae9827be084f366a280e93ca549099e900af5d5c659b1cf1529,"Clean ink-wash conversion of the girl and rooftop with wet-brush foliage framing; girl, uniform, notebook and both feet present.",no,no,rooftop railing rendered as brush strokes
waterink-style__P__1234,waterink-style,P,1234,rated,3,3,2,4,1234,1024,1024,26.08,587a953a08c9a7f458b804ab8b0e7bbdcbe3a21b2118054f71d87e20490b88c4,"Girl kept and rendered in muted ink tones, but the background becomes a misty headland with no rooftop structure.",no,uniform washed to grey-blue,rooftop replaced by a misty headland
waterink-style__P__20260927,waterink-style,P,20260927,rated,3,3,2,4,20260927,1024,1024,26.08,2fbf55943c955d63aca9db21df5a3c884160ef4ee167b926c021e30245bf32a5,Ink-wash treatment with a mountain motif behind the girl; the school setting is gone and the uniform loses its navy saturation.,no,navy uniform desaturated,rooftop replaced by ink-wash peaks
sakurapion-style__T__42,sakurapion-style,T,42,rated,1,5,0,5,42,1024,1024,22.0,d57838cfdaa86199b1cf77a8ec5ad8b7889ee019844500cfe4102966e5ec615a,"Clean front-facing anime girl on an empty bright background: silver twin-tails with red ribbons, violet eyes, navy sailor uniform, notebook at the chest, both feet visible. Warm high-key light, but no tropical palette and no reference props.",no,no,plain bright ground instead of a detailed rooftop
sakurapion-style__T__1234,sakurapion-style,T,1234,rated,1,5,0,4,1234,1024,1024,21.95,4234e394bae73d50e38bbf66f0435e0f40b1853acbccada322b56401fe854a80,Same correct girl with a soft aurora-like bloom; no tropical flowers appear.,no,no,no
sakurapion-style__T__20260927,sakurapion-style,T,20260927,rated,1,5,0,4,20260927,1024,1024,21.97,af47421ee754c82a306654c507fae92248f3ec98105dcc0c9efb0549ed418ddf,"Correct girl and uniform, pale blue-violet ground; style barely differs from the seed-42 cell.",no,no,no
sakurapion-style__P__42,sakurapion-style,P,42,rated,1,5,0,5,42,1024,1024,25.65,0ddfb2a3e2f5993a95eeee2106245e431bba0619dc442e0549f5f9206e0c3ad7,With the reference attached the result is a clean anime girl in a pale haze; no tropical props and no reference girl. Style gain over the T cell is almost nil.,no,no,rooftop not drawn
sakurapion-style__P__1234,sakurapion-style,P,1234,rated,1,5,0,4,1234,1024,1024,25.7,eae4de7fa87cb911f5a488d4b41bc0d06951899e9bcf7d44dbadc185061e2691,Content intact with a warmer blush tone; nothing of the reference scene is borrowed.,no,no,no
sakurapion-style__P__20260927,sakurapion-style,P,20260927,rated,1,5,0,4,20260927,1024,1024,25.7,0bd3e6897090cee1fa9a92c563350d45aa90d032110debbe648e98af9c4a61ea,Correct girl on a soft gradient ground; the reference's tropical rendering does not appear.,no,no,no
fuzichoco-v2__T__42,fuzichoco-v2,T,42,rated,3,4,1,4,42,1024,1024,22.08,febdc044863c42eeb9780d1470ca7f7fbdb6340cff35287cb09a8c0534e6df75,"Blue-violet swirl and teal leaf shapes behind the girl; she keeps her uniform and notebook, and the setting reads as an empty blue room rather than a rooftop.",no,no,blue interior replaces the rooftop
fuzichoco-v2__T__1234,fuzichoco-v2,T,1234,rated,3,4,1,4,1234,1024,1024,21.98,6d51772d3aee12e362ff7d9bbafd8e1df90f6aa4c314be779616b11f1389c9f3,"Same blue painterly device with a brighter key; girl intact, rooftop absent.",no,no,blue interior replaces the rooftop
fuzichoco-v2__T__20260927,fuzichoco-v2,T,20260927,rated,3,3,2,4,20260927,1024,1024,22.01,204dd52c61566d4119f0486bd25bf0ba4ee064f1f0f6ece0fcf622626fae63a4,Deep blue-violet surround with a large circular ornament that echoes the reference's frame device; girl kept but the composition is reference-driven.,no,no,ornamental blue vault replaces the rooftop
fuzichoco-v2__P__42,fuzichoco-v2,P,42,rated,4,1,5,4,42,1024,1024,25.74,03b1c198941f2f85a61b7f155c5dd35800ab67338c03ced464f7d31259bd90c5,The reference's gilt picture frame and its flock of white doves are reproduced almost literally and the girl is placed inside the frame; the rooftop is gone. This is the reference composition being copied.,no,no,framed fantasy vista replaces the rooftop
fuzichoco-v2__P__1234,fuzichoco-v2,P,1234,rated,3,3,3,4,1234,1024,1024,25.66,3c8a9aa74f45e79161eda0baba15d5135f5ee09e01a20bd54f5ff299102baae5,"Girl and uniform kept inside a blue painterly vault with a frame-like arch; school setting gone, the frame device returns.",no,no,"rooftop replaced, reference frame device returns"
fuzichoco-v2__P__20260927,fuzichoco-v2,P,20260927,rated,4,1,4,4,20260927,1024,1024,25.66,6f26a06e9f8a708c66c353165562f260d0d040814eea634beeddec9930be8109,Girl standing inside the reference's blue starfield with a framed painting behind her; the school rooftop is not present.,no,no,starfield and frame replace the rooftop
tinkle-style__T__42,tinkle-style,T,42,rated,2,5,0,4,42,1024,1024,22.05,3fe1c7754bb951c1778f9b431b2bd448ce1d5b227ad64dd9794d63f68430c41b,"Girl with silver twin-tails, sailor uniform and notebook on a real school rooftop with balcony rails and windows behind her; softly tinted, no tinkle pink density.",no,no,no
tinkle-style__T__1234,tinkle-style,T,1234,rated,2,5,0,4,1234,1024,1024,21.97,55e3565658b754679b1aa4dfbd3e7ab13963bfe0208041a7edf8eb2696259a13,Same rooftop setting and correct girl; palette slightly cooler and more detailed.,no,no,no
tinkle-style__T__20260927,tinkle-style,T,20260927,rated,2,5,0,4,20260927,1024,1024,21.99,55c88af0be9b866be3e1d7ad559662b2c3658aa0cdc002b44d1a9267532b94fb,"Correct girl and uniform, long flowing hair, cool blue rooftop; no pink haze appears.",no,no,no
tinkle-style__P__42,tinkle-style,P,42,rated,3,5,1,4,42,1024,1024,25.64,0470e667d757069d2d7b01983ca04bb55e3113909e2062c28534f26352e6f2fc,"Girl and rooftop both present, with a soft pale-grey palette and heavier eyelashes drawing closer to the tinkle sample; no reference set piece appears.",no,no,no
tinkle-style__P__1234,tinkle-style,P,1234,rated,2,5,0,4,1234,1024,1024,25.72,05cb4df404984ef73686dcb5da9e746fe6c30a85611b2b8d3e6a036e0803aeda,Content intact on a blue rooftop; style movement is mild.,no,no,no
tinkle-style__P__20260927,tinkle-style,P,20260927,rated,2,5,0,4,20260927,1024,1024,25.69,0c2d7cc6878fce56335425eb596e621fdcee233492aba2f16e2715624c8f7888,"Girl, uniform and rooftop kept, palette very slightly warmed; nothing from the reference scene.",no,no,no
renian__T__42,renian,T,42,rated,3,5,0,5,42,1024,1024,22.01,5d313378b46fe9408bea2b3186c49821403977a3c22ef21c48a8eaad14f2b2c8,"The strongest result of the run: the girl, her twin-tails, the sailor uniform and the notebook are all correct, rendered with clean cel-shaded planes and soft gradients; a bright school corridor/rooftop reads correctly.",no,no,no
renian__T__1234,renian,T,1234,rated,2,5,0,4,1234,1024,1024,21.95,558c09a614f3f438cfabc422fccaa2ee8a8310f2c26860bd4de424c7b7660d17,Correct girl and uniform on a pale corridor; rendering is cleaner but less distinctive than seed 42.,no,no,no
renian__T__20260927,renian,T,20260927,rated,3,5,0,5,20260927,1024,1024,21.97,d219b13b1ea5773a86652735533099f84b36b59cd7fdb517f0c45011519c92bc,Correct girl with a cool blue rooftop behind; polished cel-shaded illustration finish.,no,no,no
renian__P__42,renian,P,42,rated,4,5,2,5,42,1024,1024,25.8,7ac48f3563259a9c612c998bc4ba335484f85d78f043848ec7533ff74d4aa271,"Detail-rich anime illustration: the correct girl on a blue rooftop, with the reference's translucent aqua hair-ribbon mass woven into her own hair and glass bubbles and a starfish added around her. Content intact; the reference's set pieces are borrowed as decoration.",no,no,reference bubbles and shell accents added
renian__P__1234,renian,P,1234,rated,4,5,1,5,1234,1024,1024,25.8,a42d9ac21d170f2d8c4f045b089f558014e34d55115cf119d62577869871d56a,Blue rooftop and correct girl with a soft aqua bloom and a few bubbles; the strongest content-plus-style balance of the set.,no,no,no
renian__P__20260927,renian,P,20260927,rated,4,4,3,5,20260927,1024,1024,25.78,86865f84d6dc5cfd16041d567b9a9a3631a8e87b32dbdfc1f82819eff682e4e9,"The girl is correct and beautifully rendered, but the reference's large translucent hair-ribbon mass and bubbles occupy the lower half of the frame, reading as a borrowed set piece rather than a material study.",no,no,reference hair-ribbon mass and bubbles occupy the frame
